id,name,description,image,price,category
1,Lightweight Rubber Gloves,Yuccie schlitz yolo authentic vinyl blog. Loko portland pinterest. Jean shorts try-hard portland authentic. Brunch flexitarian cornhole normcore sriracha put a bird on it.,https://robohash.org/1.png?size=500x500&set=set1,20.52,Music
2,Ergonomic Leather Coat,Artisan microdosing tofu taxidermy raw denim leggings authentic. Health art party humblebrag readymade keffiyeh kitsch cold-pressed biodiesel. Poutine lomo leggings pork belly. Cliche loko mlkshk neutra. Street austin sriracha hoodie pabst ugh letterpress.,https://robohash.org/2.png?size=500x500&set=set1,37.26,"Health, Beauty & Electronics"
3,Sleek Cotton Keyboard,Small batch hammock banh mi kickstarter. Try-hard chicharrones schlitz squid offal celiac neutra blue bottle. Bushwick kinfolk next level chartreuse listicle flexitarian whatever fanny pack. Craft beer distillery pitchfork.,https://robohash.org/3.png?size=500x500&set=set1,90.95,Health
4,Fantastic Leather Shoes,Fingerstache vinegar actually sartorial keytar brooklyn scenester. Biodiesel single-origin coffee pop-up tousled. Scenester paleo mustache banjo. Ethical carry quinoa asymmetrical forage shoreditch scenester crucifix. Gluten-free lo-fi forage keffiyeh authentic trust fund heirloom.,https://robohash.org/4.png?size=500x500&set=set1,1.27,"Automotive, Baby & Garden"
5,Sleek Silk Clock,Chartreuse vhs tousled before they sold out. Williamsburg kogi viral scenester ethical pour-over lumbersexual tattooed. Lo-fi tousled put a bird on it polaroid godard brunch cray. Everyday mlkshk health shabby chic.,https://robohash.org/5.png?size=500x500&set=set1,63.73,Home
6,Mediocre Leather Shirt,Messenger bag wolf cred brooklyn wayfarers. Keytar slow-carb chia brunch. Pbr&b blog wayfarers. Fashion axe helvetica normcore. Beard tote bag heirloom ramps vegan lo-fi waistcoat tofu.,https://robohash.org/6.png?size=500x500&set=set1,87.32,Clothing & Books
7,Incredible Concrete Pants,Fashion axe twee williamsburg chia godard. Keytar typewriter umami mumblecore skateboard.,https://robohash.org/7.png?size=500x500&set=set1,95.02,Movies
8,Sleek Marble Watch,Blue bottle ethical 3 wolf moon. Park taxidermy typewriter blog pbr&b xoxo.,https://robohash.org/8.png?size=500x500&set=set1,61.14,"Music, Movies & Books"
9,Lightweight Steel Coat,Chillwave plaid mumblecore ethical. Lumbersexual authentic pickled yuccie typewriter cleanse bushwick. Skateboard banh mi cred brooklyn vinegar kinfolk occupy. Biodiesel aesthetic kale chips selfies.,https://robohash.org/9.png?size=500x500&set=set1,89.62,"Garden, Industrial & Clothing"
10,Rustic Rubber Coat,Fingerstache readymade bushwick hashtag literally kombucha disrupt loko. Forage freegan cold-pressed. Tousled green juice pug crucifix. Yuccie flannel pbr&b freegan hoodie bitters chicharrones gastropub. Whatever pitchfork irony lomo wolf viral occupy salvia.,https://robohash.org/10.png?size=500x500&set=set1,47.74,Health & Computers
11,Lightweight Wooden Bag,Whatever fanny pack fashion axe poutine hammock synth. Hammock chartreuse sustainable. Keffiyeh farm-to-table vinegar. Messenger bag bicycle rights shabby chic aesthetic tofu. Beard wes anderson cronut banjo.,https://robohash.org/11.png?size=500x500&set=set1,59.32,Outdoors
12,Mediocre Wool Gloves,Microdosing hammock pork belly schlitz art party bicycle rights small batch. Yuccie loko humblebrag artisan kale chips. Five dollar toast stumptown disrupt skateboard lomo fashion axe schlitz. Truffaut art party ramps biodiesel messenger bag post-ironic tattooed loko. Helvetica irony 90's yr schlitz drinking kogi.,https://robohash.org/12.png?size=500x500&set=set1,45.47,"Tools, Books & Home"
13,Incredible Cotton Pants,Normcore mumblecore lo-fi deep v godard drinking quinoa. Offal authentic lumbersexual bitters cronut. Franzen vice try-hard five dollar toast pork belly. Hashtag cold-pressed pork belly.,https://robohash.org/13.png?size=500x500&set=set1,7.77,"Kids, Games & Books"
14,Synergistic Bronze Coat,Authentic yr brunch fashion axe selvage plaid blog locavore. Pickled cliche 90's intelligentsia. Humblebrag brooklyn 90's pour-over diy franzen. Viral +1 vhs umami selfies brooklyn offal.,https://robohash.org/14.png?size=500x500&set=set1,79.5,Outdoors
15,Intelligent Wooden Table,Viral schlitz poutine vegan cray cleanse park. Truffaut sustainable loko. Master cardigan selvage meh mixtape.,https://robohash.org/15.png?size=500x500&set=set1,59.13,"Shoes, Garden & Beauty"
16,Practical Steel Chair,Carry schlitz fixie ethical lo-fi post-ironic humblebrag selvage. Cold-pressed bespoke vinyl crucifix. Kitsch celiac you probably haven't heard of them hammock bitters irony. Williamsburg kombucha sustainable semiotics cray readymade locavore cronut.,https://robohash.org/16.png?size=500x500&set=set1,29.13,"Home, Health & Jewelery"
17,Durable Plastic Bench,Vhs etsy thundercats cliche banh mi typewriter authentic readymade. Dreamcatcher church-key deep v quinoa sriracha everyday master. Brunch irony wayfarers.,https://robohash.org/17.png?size=500x500&set=set1,8.34,Toys & Health
18,Small Bronze Watch,Xoxo flannel messenger bag. Wayfarers cliche listicle. Migas try-hard park literally. Tote bag slow-carb ugh 90's williamsburg.,https://robohash.org/18.png?size=500x500&set=set1,41.22,"Sports, Industrial & Jewelery"
19,Synergistic Aluminum Shirt,Etsy listicle schlitz selfies put a bird on it cleanse. Occupy scenester you probably haven't heard of them artisan humblebrag plaid tofu gastropub. Next level artisan craft beer asymmetrical scenester messenger bag. Flannel leggings typewriter asymmetrical.,https://robohash.org/19.png?size=500x500&set=set1,36.48,Baby & Automotive
20,Mediocre Granite Coat,Hella everyday authentic roof mixtape mlkshk tousled blog. Cray williamsburg pour-over ethical. Marfa synth cold-pressed literally brooklyn. Vinyl heirloom freegan literally authentic kinfolk pour-over. Whatever microdosing green juice small batch kinfolk tumblr.,https://robohash.org/20.png?size=500x500&set=set1,19.06,Industrial & Outdoors
21,Enormous Rubber Car,Polaroid normcore thundercats franzen hashtag. Taxidermy craft beer leggings beard carry gentrify 90's bespoke.,https://robohash.org/21.png?size=500x500&set=set1,90.4,Health & Kids
22,Small Aluminum Knife,Swag kickstarter paleo vinyl ugh. Kitsch ethical 90's flexitarian chicharrones art party skateboard vice. Park franzen chia listicle cold-pressed brooklyn scenester.,https://robohash.org/22.png?size=500x500&set=set1,88.52,"Computers, Movies & Music"
23,Small Bronze Table,Intelligentsia green juice gentrify pork belly bicycle rights selfies vinegar. Fixie bespoke bitters. Wes anderson pabst quinoa shabby chic banjo kale chips cold-pressed.,https://robohash.org/23.png?size=500x500&set=set1,28.26,Beauty
24,Incredible Rubber Bottle,Cornhole yr messenger bag. Franzen carry fixie scenester cleanse. Franzen distillery lo-fi cleanse plaid. Bitters crucifix plaid offal green juice.,https://robohash.org/24.png?size=500x500&set=set1,24.52,Industrial & Tools
25,Gorgeous Iron Lamp,Wes anderson 8-bit blog xoxo. Shoreditch butcher meh. Mlkshk waistcoat skateboard squid cronut kale chips scenester. Next level health brooklyn wes anderson scenester beard williamsburg roof.,https://robohash.org/25.png?size=500x500&set=set1,46.62,"Jewelery, Clothing & Sports"
26,Sleek Concrete Bag,Organic banjo chambray. Loko locavore street brooklyn everyday lo-fi. Cornhole trust fund before they sold out meh brunch mustache. Squid schlitz distillery flannel everyday +1. Knausgaard meditation typewriter.,https://robohash.org/26.png?size=500x500&set=set1,10.09,Movies
27,Gorgeous Copper Chair,Biodiesel bicycle rights tacos chillwave drinking irony brooklyn chartreuse. Five dollar toast art party semiotics umami blue bottle knausgaard banh mi cray. Freegan kogi shoreditch food truck post-ironic cornhole. Cold-pressed ennui flannel venmo chicharrones austin.,https://robohash.org/27.png?size=500x500&set=set1,35.88,Books & Industrial
28,Sleek Silk Table,Shabby chic cred biodiesel fanny pack. Street echo pug.,https://robohash.org/28.png?size=500x500&set=set1,57.07,"Shoes, Health & Jewelery"
29,Lightweight Copper Plate,Humblebrag kickstarter banjo pug. Park goth roof synth. Blue bottle freegan ugh keffiyeh cred. Brooklyn mumblecore five dollar toast meggings listicle pickled forage. Park trust fund 90's health farm-to-table shabby chic blog.,https://robohash.org/29.png?size=500x500&set=set1,95.19,Home
30,Mediocre Steel Shirt,Occupy vinegar tumblr jean shorts craft beer biodiesel. Drinking flannel celiac actually bitters. Fanny pack keytar whatever lomo biodiesel vice vinyl. +1 marfa wes anderson cleanse trust fund actually deep v.,https://robohash.org/30.png?size=500x500&set=set1,20.76,Home
31,Enormous Plastic Lamp,Literally cray williamsburg direct trade cliche. Godard iphone normcore stumptown hoodie scenester. 90's bespoke xoxo portland whatever occupy. Narwhal asymmetrical slow-carb mustache meditation mumblecore. Wolf intelligentsia austin food truck.,https://robohash.org/31.png?size=500x500&set=set1,84.33,Books
32,Mediocre Cotton Computer,Fap actually mumblecore. Chicharrones brunch green juice goth. Selfies letterpress narwhal tumblr deep v raw denim.,https://robohash.org/32.png?size=500x500&set=set1,83.99,Books
33,Mediocre Cotton Hat,Lomo thundercats kombucha. Drinking tousled twee selvage cold-pressed ramps. Gastropub crucifix fixie.,https://robohash.org/33.png?size=500x500&set=set1,55.34,Games & Industrial
34,Awesome Granite Plate,Hashtag wolf stumptown cornhole authentic gluten-free chicharrones. Farm-to-table tilde cleanse sartorial poutine. Kickstarter kale chips skateboard blue bottle vhs. Try-hard thundercats actually ennui semiotics cray.,https://robohash.org/34.png?size=500x500&set=set1,23.45,Kids & Tools
35,Rustic Marble Shoes,Narwhal echo sartorial gentrify disrupt. Sriracha gluten-free chartreuse pug selfies. Truffaut salvia pinterest polaroid cronut helvetica yuccie fixie. Raw denim cornhole seitan crucifix echo.,https://robohash.org/35.png?size=500x500&set=set1,16.42,Computers & Books
36,Lightweight Wooden Plate,Cliche biodiesel try-hard wes anderson squid cronut. Squid scenester flexitarian bicycle rights put a bird on it locavore fixie. Paleo green juice humblebrag viral roof farm-to-table.,https://robohash.org/36.png?size=500x500&set=set1,76.01,Garden & Baby
37,Enormous Marble Lamp,Thundercats echo waistcoat mixtape. Art party etsy venmo 3 wolf moon yr craft beer microdosing sartorial. Scenester hella sriracha cray blue bottle shabby chic.,https://robohash.org/37.png?size=500x500&set=set1,17.02,Music
38,Durable Cotton Gloves,Blue bottle craft beer asymmetrical tofu. Direct trade +1 twee chillwave meh food truck schlitz sustainable.,https://robohash.org/38.png?size=500x500&set=set1,45.25,Garden & Jewelery
39,Enormous Granite Chair,Echo pork belly bushwick fixie banjo. Tousled kinfolk next level yolo butcher. Franzen gastropub venmo meditation fingerstache food truck. Put a bird on it post-ironic selfies.,https://robohash.org/39.png?size=500x500&set=set1,32.02,Health & Baby
40,Mediocre Cotton Pants,Xoxo mixtape wolf pickled selfies. Forage semiotics mumblecore. Dreamcatcher whatever flexitarian twee.,https://robohash.org/40.png?size=500x500&set=set1,36.88,Baby & Garden
41,Practical Leather Coat,Green juice asymmetrical farm-to-table tumblr flannel viral. Tacos wes anderson ennui fanny pack.,https://robohash.org/41.png?size=500x500&set=set1,11.41,"Jewelery, Industrial & Movies"
42,Mediocre Linen Gloves,Sustainable banjo yolo health cardigan flexitarian authentic ethical. Readymade vinyl sustainable mixtape hammock. Pinterest hella gluten-free locavore vegan scenester.,https://robohash.org/42.png?size=500x500&set=set1,51.6,Kids
43,Small Plastic Clock,Craft beer pinterest wolf park normcore. Tumblr narwhal craft beer bicycle rights chia.,https://robohash.org/43.png?size=500x500&set=set1,63.38,"Sports, Clothing & Games"
44,Intelligent Rubber Shirt,Heirloom quinoa etsy. Listicle chia organic loko 90's cleanse. 8-bit helvetica xoxo kickstarter butcher. Taxidermy small batch ramps locavore vhs gluten-free. Raw denim you probably haven't heard of them shoreditch vinegar irony whatever.,https://robohash.org/44.png?size=500x500&set=set1,21.91,Games
45,Rustic Copper Keyboard,Hoodie typewriter trust fund selfies iphone stumptown. Pickled chartreuse salvia blog hammock. Roof celiac meh chartreuse keffiyeh. Kickstarter thundercats asymmetrical leggings hella beard. Meditation five dollar toast cardigan meggings plaid drinking.,https://robohash.org/45.png?size=500x500&set=set1,82.99,"Grocery, Shoes & Computers"
46,Rustic Bronze Shoes,Cornhole pitchfork knausgaard. Twee dreamcatcher pinterest quinoa post-ironic. Lomo cliche mumblecore. Tattooed plaid cold-pressed beard sriracha. 8-bit wolf lomo pop-up.,https://robohash.org/46.png?size=500x500&set=set1,70.98,Health
47,Durable Leather Wallet,Flannel actually brunch. Gastropub ennui tumblr sustainable messenger bag salvia post-ironic. Ennui locavore beard. Yr quinoa selfies cred. Church-key selfies pitchfork venmo put a bird on it bicycle rights slow-carb.,https://robohash.org/47.png?size=500x500&set=set1,26.92,Tools
48,Incredible Concrete Shirt,Post-ironic tote bag cray. Jean shorts disrupt taxidermy portland. Occupy art party single-origin coffee marfa trust fund. Mustache polaroid tilde artisan brooklyn semiotics. Wayfarers venmo umami squid keffiyeh waistcoat blue bottle pabst.,https://robohash.org/48.png?size=500x500&set=set1,27.16,Games & Beauty
49,Ergonomic Rubber Bottle,Viral yolo microdosing. Fanny pack skateboard butcher chicharrones raw denim ethical twee.,https://robohash.org/49.png?size=500x500&set=set1,31.87,Industrial
50,Enormous Linen Chair,Before they sold out normcore williamsburg 3 wolf moon put a bird on it messenger bag. Quinoa chambray poutine ramps flexitarian meditation master. Pour-over messenger bag letterpress. Chartreuse health cred chillwave church-key. Iphone celiac poutine selfies photo booth pickled beard trust fund.,https://robohash.org/50.png?size=500x500&set=set1,62.46,"Kids, Sports & Tools"
